{"Wells": [{"IsInjector": 1, "NumPerforations": 1, "Properties": {"WGR": [0.0, 0.0, 0.0, 0.0, 0.0, 0.0, 0.0, 0.0], "WOT": [0.0, 0.0, 0.0, 0.0, 0.0, 0.0, 0.0, 0.0], "WGT": [0.0, 0.0, 0.0, 0.0, 0.0, 0.0, 0.0, 0.0], "TIME": [0.0, 3.0, 18.0, 48.0, 50.0, 65.0, 95.0, 100.0], "WWR": [-40831.20515707073, -14675.855237721931, -9027.518568603693, -7014.6367342301455, -6909.863448878349, -6631.289638202328, -6477.481738868835, -6462.568905004013], "WBHP": [230.0, 230.0, 230.0, 230.0, 230.0, 230.0, 230.0, 230.0], "WWT": [0.0, -122493.6154712122, -342631.44403704116, -613457.001095152, -627486.2745636123, -731134.2262967875, -930072.9154428573, -962460.3241372015], "WOR": [0.0, 0.0, 0.0, 0.0, 0.0, 0.0, 0.0, 0.0]}}, {"IsInjector": 0, "NumPerforations": 1, "Properties": {"WGR": [0.0, 0.0, 0.0, 0.0, 0.0, 0.0, 0.0, 0.0], "WOT": [0.0, 0.0, 44.24839051829735, 191.56856072910114, 206.80104209983276, 322.6264554901891, 569.1097894382249, 611.6585176409234], "WGT": [0.0, 0.0, 0.0, 0.0, 0.0, 0.0, 0.0, 0.0], "TIME": [0.0, 3.0, 18.0, 48.0, 50.0, 65.0, 95.0, 100.0], "WWR": [4139.838310917952, 1788.6675654386179, 920.7561124889364, 538.0331923760934, 517.8530570615786, 450.0971856780153, 410.4775245213126, 405.7719428014964], "WBHP": [90.0, 90.0, 90.0, 90.0, 90.0, 90.0, 90.0, 90.0], "WWT": [0.0, 12419.514932753857, 39249.52841433312, 66872.21178900122, 67948.27817375341, 75716.07402967708, 89218.98960001754, 91271.3772226241], "WOR": [0.0, 2.9498927012198233, 4.910672340360126, 7.616240685365805, 7.721694226023754, 8.216111131601192, 8.509745640539697, 8.540094241035654]}}, {"IsInjector": 0, "NumPerforations": 1, "Properties": {"WGR": [0.0, 0.0, 0.0, 0.0, 0.0, 0.0, 0.0, 0.0], "WOT": [0.0, 25542.913566146315, 69911.76228334388, 155082.08754376223, 159338.70433949048, 190607.57746519838, 246166.25494337647, 253755.4465170766], "WGT": [0.0, 0.0, 0.0, 0.0, 0.0, 0.0, 0.0, 0.0], "TIME": [0.0, 3.0, 18.0, 48.0, 50.0, 65.0, 95.0, 100.0], "WWR": [0.0, 0.0, 248.70098141299223, 1027.7242716489607, 1089.3443318087382, 1376.3900861230738, 1743.7986359821205, 1807.5074789800772], "WBHP": [90.0, 90.0, 90.0, 90.0, 90.0, 90.0, 90.0, 90.0], "WWT": [0.0, 0.0, 0.0, 7461.029442389767, 9516.477985687688, 25856.64296281876, 67148.34554651097, 75867.33872642157], "WOR": [8514.304522048771, 2957.923247813171, 2839.010842013945, 2128.308397864119, 2084.5915417138604, 1851.9559159392697, 1517.8383147400295, 1466.8894806217972]}}, {"IsInjector": 0, "NumPerforations": 1, "Properties": {"WGR": [0.0, 0.0, 0.0, 0.0, 0.0, 0.0, 0.0, 0.0], "WOT": [0.0, -2688.868713782976, 1039.539717408215, 29525.54389495291, 32263.033508883014, 53160.885559228984, 97553.12650613402, 105097.60136180597], "WGT": [0.0, 0.0, 0.0, 0.0, 0.0, 0.0, 0.0, 0.0], "TIME": [0.0, 3.0, 18.0, 48.0, 50.0, 65.0, 95.0, 100.0], "WWR": [-98.29317187787697, 0.0, 0.0, 0.0, 0.0, 0.0, 1.0596765500408183, 1.3802230837935952], "WBHP": [90.0, 90.0, 90.0, 90.0, 90.0, 90.0, 90.0, 90.0], "WWT": [0.0, -294.87951563363094, -294.87951563363094, -294.87951563363094, -294.87951563363094, -294.87951563363094, -294.87951563363094, -289.58113288342685], "WOR": [-896.289571260992, 248.56056207941273, 949.5334725848231, 1368.744806965053, 1393.1901366897314, 1479.7413648968347, 1508.8949711343896, 1509.6538731123896]}}, {"IsInjector": 0, "NumPerforations": 1, "Properties": {"WGR": [0.0, 0.0, 0.0, 0.0, 0.0, 0.0, 0.0, 0.0], "WOT": [0.0, 0.0, 0.0, 0.0, 0.0, 0.0, 0.0, 0.0], "WGT": [0.0, 0.0, 0.0, 0.0, 0.0, 0.0, 0.0, 0.0], "TIME": [0.0, 3.0, 18.0, 48.0, 50.0, 65.0, 95.0, 100.0], "WWR": [12959.699951823302, 2362.7310995850326, 1330.6709246543319, 1268.2852962072539, 1267.8607790185176, 1281.320648807867, 1294.5808070158678, 1296.32249495716], "WBHP": [90.0, 90.0, 90.0, 90.0, 90.0, 90.0, 90.0, 90.0], "WWT": [0.0, 38879.0998554699, 74320.06634924539, 114240.19408887535, 116776.76468128985, 135794.6763665676, 174234.29583080363, 180707.19986588298], "WOR": [0.0, 0.0, 0.0, 0.0, 0.0, 0.0, 0.0, 0.0]}}], "Field": {"TIME": [0.0, 3.0, 18.0, 48.0, 50.0, 65.0, 95.0, 100.0], "NumWells": 5, "Properties": {"FOIT": [0.0, 0.0, 0.0, 0.0, 0.0, 0.0, 0.0, 0.0], "FGPR": [7618.0149507877795, 3209.4337025938034, 3793.4549869391285, 3504.669445514538, 3485.5033726296156, 3339.9133919677056, 3035.2430315149586, 2985.0834479752225], "FOPT": [0.0, 22854.04485236334, 70995.5503912704, 184799.19999944424, 191808.5388904733, 244091.08947991754, 344288.4912389487, 359464.7063965235], "FGPT": [0.0, 0.0, 0.0, 0.0, 0.0, 0.0, 0.0, 0.0], "FGIT": [0.0, 0.0, 0.0, 0.0, 0.0, 0.0, 0.0, 0.0], "FOIR": [0.0, 0.0, 0.0, 0.0, 0.0, 0.0, 0.0, 0.0], "FGIR": [0.0, 0.0, 0.0, 0.0, 0.0, 0.0, 0.0, 0.0], "FWPR": [17001.245090863376, 4151.39866502365, 2500.1280185562605, 2834.042760232308, 2875.0581678888348, 3107.807920608956, 3449.9166440693416, 3510.982139822527], "FOPR": [0.0, 0.0, 0.0, 0.0, 0.0, 0.0, 0.0, 0.0], "FWIT": [0.0, -122493.6154712122, -342631.44403704116, -613457.001095152, -627486.2745636123, -731134.2262967875, -930072.9154428573, -962460.3241372015], "FWPT": [0.0, 51003.73527259013, 113274.71524794489, 188278.55580463272, 193946.6413250973, 237072.51384342983, 330306.7514616985, 347556.3346820452], "FWIR": [-40831.20515707073, -14675.855237721931, -9027.518568603693, -7014.6367342301455, -6909.863448878349, -6631.289638202328, -6477.481738868835, -6462.568905004013]}}}